{
  "RMSE": 9.643271801626202,
  "MAE": 7.33195686340332,
  "R2": 0.5508719177968111,
  "r": 0.7430646612632827,
  "p": 0.0,
  "CCC_optional": 0.715093039996826
}